{"loss": [1.90823495388031, 0.5429479479789734, 0.2868320941925049, 0.18734371662139893, 0.13897274434566498, 0.10923973470926285, 0.09618036448955536, 0.08312993496656418, 0.06941746175289154, 0.06105882301926613], "accuracy": [0.4418521821498871, 0.832050621509552, 0.9102354645729065, 0.9411764740943909, 0.957692563533783, 0.9661284685134888, 0.9711785912513733, 0.9754178524017334, 0.9795148968696594, 0.9821181893348694], "val_loss": [0.8249825239181519, 0.3488497734069824, 0.2683943510055542, 0.2515912353992462, 0.19889962673187256, 0.2525918185710907, 0.2224377989768982, 0.21088987588882446, 0.16676171123981476, 0.167432963848114], "val_accuracy": [0.7470976710319519, 0.890166163444519, 0.9169701933860779, 0.9261325001716614, 0.9401320219039917, 0.9283519387245178, 0.9363760352134705, 0.9444571137428284, 0.9527657628059387, 0.956009566783905]}